{"tileSize":16,"mapWidth":66,"mapHeight":31,"layers":[{"name":"Layer_2","tiles":[{"id":"0","x":10,"y":6},{"id":"1","x":11,"y":6},{"id":"2","x":10,"y":7},{"id":"3","x":11,"y":7},{"id":"4","x":42,"y":5},{"id":"5","x":43,"y":5},{"id":"6","x":42,"y":6},{"id":"7","x":43,"y":6},{"id":"8","x":42,"y":7},{"id":"9","x":43,"y":7},{"id":"10","x":59,"y":28},{"id":"11","x":60,"y":28},{"id":"10","x":57,"y":28},{"id":"11","x":58,"y":28},{"id":"10","x":55,"y":28},{"id":"11","x":56,"y":28},{"id":"12","x":34,"y":6},{"id":"13","x":35,"y":6},{"id":"14","x":34,"y":7},{"id":"15","x":35,"y":7},{"id":"16","x":3,"y":29},{"id":"17","x":4,"y":29},{"id":"18","x":5,"y":29},{"id":"19","x":6,"y":29},{"id":"20","x":7,"y":29},{"id":"21","x":3,"y":30},{"id":"22","x":4,"y":30},{"id":"23","x":5,"y":30},{"id":"24","x":6,"y":30},{"id":"25","x":7,"y":30},{"id":"17","x":10,"y":29},{"id":"18","x":11,"y":29},{"id":"19","x":12,"y":29},{"id":"20","x":13,"y":29},{"id":"22","x":10,"y":30},{"id":"23","x":11,"y":30},{"id":"24","x":12,"y":30},{"id":"25","x":13,"y":30},{"id":"18","x":8,"y":29},{"id":"19","x":9,"y":29},{"id":"23","x":8,"y":30},{"id":"24","x":9,"y":30},{"id":"18","x":14,"y":29},{"id":"19","x":15,"y":29},{"id":"23","x":14,"y":30},{"id":"24","x":15,"y":30},{"id":"18","x":16,"y":29},{"id":"19","x":17,"y":29},{"id":"23","x":16,"y":30},{"id":"24","x":17,"y":30},{"id":"18","x":18,"y":29},{"id":"19","x":19,"y":29},{"id":"23","x":18,"y":30},{"id":"24","x":19,"y":30},{"id":"18","x":20,"y":29},{"id":"19","x":21,"y":29},{"id":"23","x":20,"y":30},{"id":"24","x":21,"y":30},{"id":"18","x":22,"y":29},{"id":"19","x":23,"y":29},{"id":"23","x":22,"y":30},{"id":"24","x":23,"y":30},{"id":"18","x":24,"y":29},{"id":"19","x":25,"y":29},{"id":"23","x":24,"y":30},{"id":"24","x":25,"y":30},{"id":"18","x":26,"y":29},{"id":"19","x":27,"y":29},{"id":"23","x":26,"y":30},{"id":"24","x":27,"y":30},{"id":"18","x":28,"y":29},{"id":"19","x":29,"y":29},{"id":"23","x":28,"y":30},{"id":"24","x":29,"y":30},{"id":"18","x":30,"y":29},{"id":"19","x":31,"y":29},{"id":"23","x":30,"y":30},{"id":"24","x":31,"y":30},{"id":"18","x":32,"y":29},{"id":"19","x":33,"y":29},{"id":"23","x":32,"y":30},{"id":"24","x":33,"y":30},{"id":"18","x":34,"y":29},{"id":"19","x":35,"y":29},{"id":"23","x":34,"y":30},{"id":"24","x":35,"y":30},{"id":"18","x":36,"y":29},{"id":"19","x":37,"y":29},{"id":"23","x":36,"y":30},{"id":"24","x":37,"y":30},{"id":"18","x":38,"y":29},{"id":"19","x":39,"y":29},{"id":"23","x":38,"y":30},{"id":"24","x":39,"y":30},{"id":"18","x":40,"y":29},{"id":"19","x":41,"y":29},{"id":"23","x":40,"y":30},{"id":"24","x":41,"y":30},{"id":"18","x":42,"y":29},{"id":"19","x":43,"y":29},{"id":"23","x":42,"y":30},{"id":"24","x":43,"y":30},{"id":"18","x":44,"y":29},{"id":"19","x":45,"y":29},{"id":"23","x":44,"y":30},{"id":"24","x":45,"y":30},{"id":"18","x":46,"y":29},{"id":"19","x":47,"y":29},{"id":"23","x":46,"y":30},{"id":"24","x":47,"y":30},{"id":"18","x":48,"y":29},{"id":"19","x":49,"y":29},{"id":"23","x":48,"y":30},{"id":"24","x":49,"y":30},{"id":"18","x":50,"y":29},{"id":"19","x":51,"y":29},{"id":"23","x":50,"y":30},{"id":"24","x":51,"y":30},{"id":"18","x":52,"y":29},{"id":"19","x":53,"y":29},{"id":"23","x":52,"y":30},{"id":"24","x":53,"y":30},{"id":"18","x":54,"y":29},{"id":"19","x":55,"y":29},{"id":"23","x":54,"y":30},{"id":"24","x":55,"y":30},{"id":"18","x":56,"y":29},{"id":"19","x":57,"y":29},{"id":"23","x":56,"y":30},{"id":"24","x":57,"y":30},{"id":"18","x":58,"y":29},{"id":"19","x":59,"y":29},{"id":"23","x":58,"y":30},{"id":"24","x":59,"y":30},{"id":"18","x":60,"y":29},{"id":"19","x":61,"y":29},{"id":"23","x":60,"y":30},{"id":"24","x":61,"y":30},{"id":"18","x":62,"y":29},{"id":"19","x":63,"y":29},{"id":"23","x":62,"y":30},{"id":"24","x":63,"y":30},{"id":"26","x":2,"y":21},{"id":"27","x":3,"y":21},{"id":"28","x":4,"y":21},{"id":"29","x":5,"y":21},{"id":"26","x":6,"y":21},{"id":"27","x":7,"y":21},{"id":"28","x":8,"y":21},{"id":"26","x":9,"y":21},{"id":"27","x":10,"y":21},{"id":"28","x":11,"y":21},{"id":"26","x":12,"y":21},{"id":"27","x":13,"y":21},{"id":"28","x":14,"y":21},{"id":"26","x":16,"y":21},{"id":"27","x":17,"y":21},{"id":"28","x":18,"y":21},{"id":"26","x":19,"y":21},{"id":"27","x":20,"y":21},{"id":"28","x":21,"y":21},{"id":"26","x":22,"y":21},{"id":"27","x":23,"y":21},{"id":"28","x":24,"y":21},{"id":"26","x":25,"y":21},{"id":"27","x":26,"y":21},{"id":"28","x":27,"y":21},{"id":"26","x":28,"y":21},{"id":"27","x":29,"y":21},{"id":"28","x":30,"y":21},{"id":"26","x":31,"y":21},{"id":"27","x":32,"y":21},{"id":"28","x":33,"y":21},{"id":"26","x":34,"y":21},{"id":"27","x":35,"y":21},{"id":"28","x":36,"y":21},{"id":"26","x":37,"y":21},{"id":"27","x":38,"y":21},{"id":"28","x":39,"y":21},{"id":"26","x":40,"y":21},{"id":"27","x":41,"y":21},{"id":"28","x":42,"y":21},{"id":"26","x":43,"y":21},{"id":"27","x":44,"y":21},{"id":"28","x":45,"y":21},{"id":"30","x":45,"y":13},{"id":"31","x":46,"y":13},{"id":"30","x":45,"y":14},{"id":"31","x":46,"y":14},{"id":"30","x":45,"y":15},{"id":"31","x":46,"y":15},{"id":"30","x":45,"y":16},{"id":"31","x":46,"y":16},{"id":"30","x":45,"y":17},{"id":"31","x":46,"y":17},{"id":"30","x":45,"y":18},{"id":"31","x":46,"y":18},{"id":"30","x":45,"y":19},{"id":"31","x":46,"y":19},{"id":"30","x":45,"y":20},{"id":"31","x":46,"y":20},{"id":"30","x":45,"y":12},{"id":"31","x":46,"y":12},{"id":"30","x":45,"y":11},{"id":"31","x":46,"y":11},{"id":"30","x":45,"y":10},{"id":"31","x":46,"y":10},{"id":"30","x":45,"y":9},{"id":"31","x":46,"y":9},{"id":"32","x":64,"y":28},{"id":"33","x":65,"y":28},{"id":"32","x":64,"y":27},{"id":"33","x":65,"y":27},{"id":"32","x":64,"y":26},{"id":"33","x":65,"y":26},{"id":"32","x":64,"y":25},{"id":"33","x":65,"y":25},{"id":"32","x":64,"y":24},{"id":"33","x":65,"y":24},{"id":"32","x":64,"y":23},{"id":"33","x":65,"y":23},{"id":"32","x":64,"y":22},{"id":"33","x":65,"y":22},{"id":"32","x":64,"y":21},{"id":"33","x":65,"y":21},{"id":"32","x":64,"y":20},{"id":"33","x":65,"y":20},{"id":"32","x":64,"y":19},{"id":"33","x":65,"y":19},{"id":"32","x":64,"y":18},{"id":"33","x":65,"y":18},{"id":"32","x":64,"y":17},{"id":"33","x":65,"y":17},{"id":"32","x":64,"y":16},{"id":"33","x":65,"y":16},{"id":"32","x":64,"y":15},{"id":"33","x":65,"y":15},{"id":"32","x":64,"y":14},{"id":"33","x":65,"y":14},{"id":"32","x":64,"y":13},{"id":"33","x":65,"y":13},{"id":"32","x":64,"y":12},{"id":"33","x":65,"y":12},{"id":"32","x":64,"y":11},{"id":"33","x":65,"y":11},{"id":"32","x":64,"y":10},{"id":"33","x":65,"y":10},{"id":"32","x":64,"y":9},{"id":"33","x":65,"y":9},{"id":"32","x":64,"y":7},{"id":"33","x":65,"y":7},{"id":"32","x":64,"y":8},{"id":"33","x":65,"y":8},{"id":"32","x":64,"y":6},{"id":"33","x":65,"y":6},{"id":"32","x":64,"y":4},{"id":"33","x":65,"y":4},{"id":"32","x":64,"y":5},{"id":"33","x":65,"y":5},{"id":"32","x":64,"y":3},{"id":"33","x":65,"y":3},{"id":"32","x":64,"y":2},{"id":"33","x":65,"y":2},{"id":"32","x":64,"y":1},{"id":"33","x":65,"y":1},{"id":"32","x":64,"y":0},{"id":"33","x":65,"y":0},{"id":"32","x":64,"y":29},{"id":"33","x":65,"y":29}],"collider":false},{"name":"Layer_1","tiles":[{"id":"34","x":4,"y":3},{"id":"35","x":5,"y":3},{"id":"36","x":4,"y":4},{"id":"37","x":5,"y":4},{"id":"38","x":4,"y":5},{"id":"39","x":5,"y":5},{"id":"40","x":4,"y":6},{"id":"41","x":5,"y":6},{"id":"34","x":14,"y":3},{"id":"35","x":15,"y":3},{"id":"36","x":14,"y":4},{"id":"37","x":15,"y":4},{"id":"38","x":14,"y":5},{"id":"39","x":15,"y":5},{"id":"40","x":14,"y":6},{"id":"41","x":15,"y":6},{"id":"34","x":25,"y":3},{"id":"35","x":26,"y":3},{"id":"36","x":25,"y":4},{"id":"37","x":26,"y":4},{"id":"38","x":25,"y":5},{"id":"39","x":26,"y":5},{"id":"40","x":25,"y":6},{"id":"41","x":26,"y":6},{"id":"34","x":36,"y":3},{"id":"35","x":37,"y":3},{"id":"36","x":36,"y":4},{"id":"37","x":37,"y":4},{"id":"38","x":36,"y":5},{"id":"39","x":37,"y":5},{"id":"40","x":36,"y":6},{"id":"41","x":37,"y":6},{"id":"42","x":47,"y":3},{"id":"43","x":48,"y":3},{"id":"44","x":47,"y":4},{"id":"45","x":48,"y":4},{"id":"46","x":8,"y":1},{"id":"47","x":9,"y":1},{"id":"48","x":8,"y":2},{"id":"49","x":9,"y":2},{"id":"50","x":8,"y":3},{"id":"51","x":9,"y":3},{"id":"52","x":8,"y":4},{"id":"53","x":9,"y":4},{"id":"54","x":8,"y":5},{"id":"55","x":9,"y":5},{"id":"56","x":8,"y":6},{"id":"57","x":9,"y":6},{"id":"58","x":20,"y":0},{"id":"59","x":21,"y":0},{"id":"46","x":20,"y":1},{"id":"47","x":21,"y":1},{"id":"48","x":20,"y":2},{"id":"49","x":21,"y":2},{"id":"50","x":20,"y":3},{"id":"51","x":21,"y":3},{"id":"52","x":20,"y":4},{"id":"53","x":21,"y":4},{"id":"54","x":20,"y":5},{"id":"55","x":21,"y":5},{"id":"56","x":20,"y":6},{"id":"57","x":21,"y":6},{"id":"60","x":20,"y":7},{"id":"61","x":21,"y":7},{"id":"62","x":20,"y":8},{"id":"63","x":21,"y":8},{"id":"58","x":31,"y":0},{"id":"59","x":32,"y":0},{"id":"46","x":31,"y":1},{"id":"47","x":32,"y":1},{"id":"48","x":31,"y":2},{"id":"49","x":32,"y":2},{"id":"50","x":31,"y":3},{"id":"51","x":32,"y":3},{"id":"52","x":31,"y":4},{"id":"53","x":32,"y":4},{"id":"54","x":31,"y":5},{"id":"55","x":32,"y":5},{"id":"56","x":31,"y":6},{"id":"57","x":32,"y":6},{"id":"60","x":31,"y":7},{"id":"61","x":32,"y":7},{"id":"62","x":31,"y":8},{"id":"63","x":32,"y":8},{"id":"58","x":44,"y":0},{"id":"59","x":45,"y":0},{"id":"46","x":44,"y":1},{"id":"47","x":45,"y":1},{"id":"48","x":44,"y":2},{"id":"49","x":45,"y":2},{"id":"50","x":44,"y":3},{"id":"51","x":45,"y":3},{"id":"52","x":44,"y":4},{"id":"53","x":45,"y":4},{"id":"54","x":44,"y":5},{"id":"55","x":45,"y":5},{"id":"56","x":44,"y":6},{"id":"57","x":45,"y":6},{"id":"60","x":44,"y":7},{"id":"61","x":45,"y":7},{"id":"64","x":0,"y":0},{"id":"65","x":1,"y":0},{"id":"66","x":2,"y":0},{"id":"67","x":3,"y":0},{"id":"68","x":4,"y":0},{"id":"69","x":5,"y":0},{"id":"58","x":8,"y":0},{"id":"59","x":9,"y":0},{"id":"65","x":56,"y":8},{"id":"68","x":59,"y":8},{"id":"68","x":53,"y":8},{"id":"64","x":43,"y":8},{"id":"62","x":44,"y":8},{"id":"63","x":45,"y":8},{"id":"70","x":1,"y":1},{"id":"71","x":2,"y":1},{"id":"72","x":1,"y":2},{"id":"73","x":2,"y":2},{"id":"74","x":1,"y":3},{"id":"75","x":2,"y":3},{"id":"76","x":1,"y":4},{"id":"77","x":2,"y":4},{"id":"70","x":17,"y":1},{"id":"71","x":18,"y":1},{"id":"72","x":17,"y":2},{"id":"73","x":18,"y":2},{"id":"74","x":17,"y":3},{"id":"75","x":18,"y":3},{"id":"76","x":17,"y":4},{"id":"77","x":18,"y":4},{"id":"70","x":28,"y":1},{"id":"71","x":29,"y":1},{"id":"72","x":28,"y":2},{"id":"73","x":29,"y":2},{"id":"74","x":28,"y":3},{"id":"75","x":29,"y":3},{"id":"76","x":28,"y":4},{"id":"77","x":29,"y":4},{"id":"70","x":40,"y":1},{"id":"71","x":41,"y":1},{"id":"72","x":40,"y":2},{"id":"73","x":41,"y":2},{"id":"74","x":40,"y":3},{"id":"75","x":41,"y":3},{"id":"76","x":40,"y":4},{"id":"77","x":41,"y":4},{"id":"70","x":57,"y":1},{"id":"71","x":58,"y":1},{"id":"72","x":57,"y":2},{"id":"73","x":58,"y":2},{"id":"74","x":57,"y":3},{"id":"75","x":58,"y":3},{"id":"76","x":57,"y":4},{"id":"77","x":58,"y":4},{"id":"78","x":3,"y":9},{"id":"78","x":4,"y":9},{"id":"78","x":5,"y":9},{"id":"78","x":6,"y":9},{"id":"78","x":7,"y":9},{"id":"79","x":11,"y":24},{"id":"80","x":12,"y":24},{"id":"81","x":11,"y":25},{"id":"82","x":12,"y":25},{"id":"83","x":11,"y":26},{"id":"84","x":12,"y":26},{"id":"85","x":11,"y":27},{"id":"86","x":12,"y":27},{"id":"79","x":20,"y":24},{"id":"80","x":21,"y":24},{"id":"81","x":20,"y":25},{"id":"82","x":21,"y":25},{"id":"83","x":20,"y":26},{"id":"84","x":21,"y":26},{"id":"85","x":20,"y":27},{"id":"86","x":21,"y":27},{"id":"79","x":29,"y":24},{"id":"80","x":30,"y":24},{"id":"81","x":29,"y":25},{"id":"82","x":30,"y":25},{"id":"83","x":29,"y":26},{"id":"84","x":30,"y":26},{"id":"85","x":29,"y":27},{"id":"86","x":30,"y":27},{"id":"79","x":36,"y":24},{"id":"80","x":37,"y":24},{"id":"81","x":36,"y":25},{"id":"82","x":37,"y":25},{"id":"83","x":36,"y":26},{"id":"84","x":37,"y":26},{"id":"85","x":36,"y":27},{"id":"86","x":37,"y":27},{"id":"87","x":15,"y":21},{"id":"88","x":16,"y":21},{"id":"89","x":15,"y":22},{"id":"90","x":16,"y":22},{"id":"91","x":15,"y":23},{"id":"92","x":16,"y":23},{"id":"93","x":15,"y":24},{"id":"94","x":16,"y":24},{"id":"95","x":15,"y":25},{"id":"96","x":16,"y":25},{"id":"97","x":15,"y":26},{"id":"98","x":16,"y":26},{"id":"99","x":15,"y":27},{"id":"100","x":16,"y":27},{"id":"101","x":15,"y":28},{"id":"102","x":16,"y":28},{"id":"87","x":24,"y":21},{"id":"88","x":25,"y":21},{"id":"89","x":24,"y":22},{"id":"90","x":25,"y":22},{"id":"91","x":24,"y":23},{"id":"92","x":25,"y":23},{"id":"93","x":24,"y":24},{"id":"94","x":25,"y":24},{"id":"95","x":24,"y":25},{"id":"96","x":25,"y":25},{"id":"97","x":24,"y":26},{"id":"98","x":25,"y":26},{"id":"99","x":24,"y":27},{"id":"100","x":25,"y":27},{"id":"101","x":24,"y":28},{"id":"102","x":25,"y":28},{"id":"103","x":24,"y":29},{"id":"104","x":25,"y":29},{"id":"87","x":33,"y":21},{"id":"88","x":34,"y":21},{"id":"89","x":33,"y":22},{"id":"90","x":34,"y":22},{"id":"91","x":33,"y":23},{"id":"92","x":34,"y":23},{"id":"93","x":33,"y":24},{"id":"94","x":34,"y":24},{"id":"95","x":33,"y":25},{"id":"96","x":34,"y":25},{"id":"97","x":33,"y":26},{"id":"98","x":34,"y":26},{"id":"99","x":33,"y":27},{"id":"100","x":34,"y":27},{"id":"101","x":33,"y":28},{"id":"102","x":34,"y":28},{"id":"103","x":33,"y":29},{"id":"104","x":34,"y":29},{"id":"87","x":41,"y":21},{"id":"88","x":42,"y":21},{"id":"89","x":41,"y":22},{"id":"90","x":42,"y":22},{"id":"91","x":41,"y":23},{"id":"92","x":42,"y":23},{"id":"93","x":41,"y":24},{"id":"94","x":42,"y":24},{"id":"95","x":41,"y":25},{"id":"96","x":42,"y":25},{"id":"97","x":41,"y":26},{"id":"98","x":42,"y":26},{"id":"99","x":41,"y":27},{"id":"100","x":42,"y":27},{"id":"101","x":41,"y":28},{"id":"102","x":42,"y":28},{"id":"103","x":41,"y":29},{"id":"104","x":42,"y":29},{"id":"104","x":16,"y":29},{"id":"103","x":15,"y":29},{"id":"63","x":9,"y":8},{"id":"62","x":8,"y":8},{"id":"61","x":9,"y":7},{"id":"60","x":8,"y":7},{"id":"105","x":0,"y":7},{"id":"106","x":1,"y":7},{"id":"107","x":0,"y":8},{"id":"108","x":1,"y":8},{"id":"105","x":2,"y":7},{"id":"106","x":3,"y":7},{"id":"107","x":2,"y":8},{"id":"108","x":3,"y":8},{"id":"105","x":4,"y":7},{"id":"106","x":5,"y":7},{"id":"107","x":4,"y":8},{"id":"108","x":5,"y":8},{"id":"105","x":6,"y":7},{"id":"106","x":7,"y":7},{"id":"107","x":6,"y":8},{"id":"108","x":7,"y":8},{"id":"105","x":10,"y":7},{"id":"106","x":11,"y":7},{"id":"107","x":10,"y":8},{"id":"108","x":11,"y":8},{"id":"105","x":12,"y":7},{"id":"106","x":13,"y":7},{"id":"107","x":12,"y":8},{"id":"108","x":13,"y":8},{"id":"105","x":14,"y":7},{"id":"106","x":15,"y":7},{"id":"107","x":14,"y":8},{"id":"108","x":15,"y":8},{"id":"105","x":16,"y":7},{"id":"107","x":16,"y":8},{"id":"108","x":17,"y":8},{"id":"106","x":19,"y":7},{"id":"107","x":18,"y":8},{"id":"108","x":19,"y":8},{"id":"105","x":22,"y":7},{"id":"106","x":23,"y":7},{"id":"107","x":22,"y":8},{"id":"108","x":23,"y":8},{"id":"105","x":24,"y":7},{"id":"106","x":25,"y":7},{"id":"107","x":24,"y":8},{"id":"108","x":25,"y":8},{"id":"105","x":26,"y":7},{"id":"106","x":27,"y":7},{"id":"107","x":26,"y":8},{"id":"108","x":27,"y":8},{"id":"105","x":28,"y":7},{"id":"106","x":29,"y":7},{"id":"107","x":28,"y":8},{"id":"108","x":29,"y":8},{"id":"105","x":33,"y":7},{"id":"106","x":34,"y":7},{"id":"107","x":33,"y":8},{"id":"108","x":34,"y":8},{"id":"105","x":35,"y":7},{"id":"106","x":36,"y":7},{"id":"107","x":35,"y":8},{"id":"108","x":36,"y":8},{"id":"105","x":37,"y":7},{"id":"106","x":38,"y":7},{"id":"107","x":37,"y":8},{"id":"108","x":38,"y":8},{"id":"105","x":39,"y":7},{"id":"106","x":40,"y":7},{"id":"107","x":39,"y":8},{"id":"108","x":40,"y":8},{"id":"105","x":41,"y":7},{"id":"107","x":41,"y":8},{"id":"108","x":42,"y":8},{"id":"105","x":46,"y":7},{"id":"106","x":47,"y":7},{"id":"107","x":46,"y":8},{"id":"108","x":47,"y":8},{"id":"109","x":48,"y":7},{"id":"110","x":49,"y":7},{"id":"111","x":50,"y":7},{"id":"112","x":51,"y":7},{"id":"113","x":48,"y":8},{"id":"114","x":49,"y":8},{"id":"115","x":50,"y":8},{"id":"116","x":48,"y":9},{"id":"117","x":49,"y":9},{"id":"118","x":50,"y":9},{"id":"119","x":51,"y":9},{"id":"120","x":48,"y":10},{"id":"121","x":49,"y":10},{"id":"122","x":50,"y":10},{"id":"123","x":51,"y":10},{"id":"109","x":52,"y":9},{"id":"110","x":53,"y":9},{"id":"111","x":54,"y":9},{"id":"112","x":55,"y":9},{"id":"113","x":52,"y":10},{"id":"114","x":53,"y":10},{"id":"115","x":54,"y":10},{"id":"124","x":55,"y":10},{"id":"116","x":52,"y":11},{"id":"117","x":53,"y":11},{"id":"118","x":54,"y":11},{"id":"119","x":55,"y":11},{"id":"120","x":52,"y":12},{"id":"121","x":53,"y":12},{"id":"122","x":54,"y":12},{"id":"123","x":55,"y":12},{"id":"109","x":56,"y":11},{"id":"110","x":57,"y":11},{"id":"111","x":58,"y":11},{"id":"112","x":59,"y":11},{"id":"113","x":56,"y":12},{"id":"114","x":57,"y":12},{"id":"115","x":58,"y":12},{"id":"124","x":59,"y":12},{"id":"116","x":56,"y":13},{"id":"117","x":57,"y":13},{"id":"118","x":58,"y":13},{"id":"119","x":59,"y":13},{"id":"120","x":56,"y":14},{"id":"121","x":57,"y":14},{"id":"122","x":58,"y":14},{"id":"123","x":59,"y":14},{"id":"109","x":60,"y":13},{"id":"110","x":61,"y":13},{"id":"111","x":62,"y":13},{"id":"112","x":63,"y":13},{"id":"113","x":60,"y":14},{"id":"114","x":61,"y":14},{"id":"115","x":62,"y":14},{"id":"124","x":63,"y":14},{"id":"116","x":60,"y":15},{"id":"117","x":61,"y":15},{"id":"118","x":62,"y":15},{"id":"119","x":63,"y":15},{"id":"125","x":60,"y":16},{"id":"126","x":61,"y":16},{"id":"127","x":62,"y":16},{"id":"128","x":63,"y":16},{"id":"129","x":60,"y":17},{"id":"130","x":61,"y":17},{"id":"131","x":62,"y":17},{"id":"132","x":63,"y":17},{"id":"133","x":60,"y":18},{"id":"134","x":61,"y":18},{"id":"135","x":62,"y":18},{"id":"136","x":63,"y":18},{"id":"137","x":60,"y":19},{"id":"138","x":61,"y":19},{"id":"139","x":62,"y":19},{"id":"125","x":56,"y":18},{"id":"126","x":57,"y":18},{"id":"127","x":58,"y":18},{"id":"128","x":59,"y":18},{"id":"129","x":56,"y":19},{"id":"130","x":57,"y":19},{"id":"131","x":58,"y":19},{"id":"132","x":59,"y":19},{"id":"133","x":56,"y":20},{"id":"134","x":57,"y":20},{"id":"135","x":58,"y":20},{"id":"136","x":59,"y":20},{"id":"137","x":56,"y":21},{"id":"138","x":57,"y":21},{"id":"139","x":58,"y":21},{"id":"125","x":52,"y":20},{"id":"126","x":53,"y":20},{"id":"127","x":54,"y":20},{"id":"128","x":55,"y":20},{"id":"129","x":52,"y":21},{"id":"130","x":53,"y":21},{"id":"131","x":54,"y":21},{"id":"132","x":55,"y":21},{"id":"133","x":52,"y":22},{"id":"134","x":53,"y":22},{"id":"135","x":54,"y":22},{"id":"136","x":55,"y":22},{"id":"137","x":52,"y":23},{"id":"138","x":53,"y":23},{"id":"139","x":54,"y":23},{"id":"128","x":51,"y":22},{"id":"129","x":48,"y":23},{"id":"130","x":49,"y":23},{"id":"131","x":50,"y":23},{"id":"132","x":51,"y":23},{"id":"133","x":48,"y":24},{"id":"134","x":49,"y":24},{"id":"135","x":50,"y":24},{"id":"136","x":51,"y":24},{"id":"137","x":48,"y":25},{"id":"138","x":49,"y":25},{"id":"139","x":50,"y":25},{"id":"140","x":48,"y":26},{"id":"140","x":49,"y":26},{"id":"140","x":51,"y":25},{"id":"140","x":54,"y":24},{"id":"140","x":55,"y":24},{"id":"140","x":55,"y":25},{"id":"140","x":54,"y":25},{"id":"140","x":54,"y":26},{"id":"140","x":55,"y":26},{"id":"140","x":51,"y":8},{"id":"140","x":63,"y":8},{"id":"140","x":60,"y":8},{"id":"140","x":58,"y":8},{"id":"140","x":57,"y":8},{"id":"140","x":55,"y":8},{"id":"140","x":54,"y":8},{"id":"140","x":52,"y":8},{"id":"140","x":63,"y":19},{"id":"140","x":59,"y":21},{"id":"140","x":55,"y":23},{"id":"140","x":63,"y":22},{"id":"140","x":62,"y":22},{"id":"140","x":61,"y":22},{"id":"140","x":60,"y":22},{"id":"140","x":59,"y":22},{"id":"140","x":58,"y":22},{"id":"140","x":57,"y":22},{"id":"140","x":56,"y":22},{"id":"140","x":46,"y":22},{"id":"140","x":47,"y":22},{"id":"140","x":48,"y":22},{"id":"140","x":49,"y":22},{"id":"140","x":50,"y":22},{"id":"141","x":51,"y":15},{"id":"142","x":52,"y":15},{"id":"143","x":51,"y":16},{"id":"144","x":52,"y":16},{"id":"145","x":51,"y":17},{"id":"146","x":52,"y":17},{"id":"147","x":51,"y":18},{"id":"148","x":52,"y":18},{"id":"141","x":61,"y":8},{"id":"142","x":62,"y":8},{"id":"143","x":61,"y":9},{"id":"144","x":62,"y":9},{"id":"145","x":61,"y":10},{"id":"146","x":62,"y":10},{"id":"147","x":61,"y":11},{"id":"148","x":62,"y":11},{"id":"125","x":44,"y":24},{"id":"126","x":45,"y":24},{"id":"127","x":46,"y":24},{"id":"128","x":47,"y":24},{"id":"129","x":44,"y":25},{"id":"130","x":45,"y":25},{"id":"131","x":46,"y":25},{"id":"132","x":47,"y":25},{"id":"133","x":44,"y":26},{"id":"134","x":45,"y":26},{"id":"135","x":46,"y":26},{"id":"136","x":47,"y":26},{"id":"137","x":44,"y":27},{"id":"138","x":45,"y":27},{"id":"139","x":46,"y":27},{"id":"149","x":47,"y":27},{"id":"150","x":17,"y":7},{"id":"150","x":18,"y":7},{"id":"106","x":42,"y":7},{"id":"151","x":7,"y":24},{"id":"152","x":8,"y":24},{"id":"153","x":7,"y":25},{"id":"154","x":8,"y":25},{"id":"155","x":7,"y":26},{"id":"156","x":8,"y":26},{"id":"157","x":7,"y":27},{"id":"158","x":8,"y":27},{"id":"151","x":58,"y":23},{"id":"152","x":59,"y":23},{"id":"153","x":58,"y":24},{"id":"154","x":59,"y":24},{"id":"155","x":58,"y":25},{"id":"156","x":59,"y":25},{"id":"157","x":58,"y":26},{"id":"158","x":59,"y":26}],"collider":false},{"name":"Layer_0","tiles":[{"id":"159","x":13,"y":2},{"id":"160","x":14,"y":2},{"id":"161","x":13,"y":3},{"id":"162","x":14,"y":3},{"id":"163","x":13,"y":4},{"id":"164","x":14,"y":4},{"id":"165","x":13,"y":5},{"id":"166","x":14,"y":5},{"id":"167","x":13,"y":6},{"id":"168","x":14,"y":6},{"id":"169","x":13,"y":7},{"id":"170","x":14,"y":7},{"id":"171","x":15,"y":2},{"id":"172","x":16,"y":2},{"id":"173","x":17,"y":2},{"id":"174","x":18,"y":2},{"id":"159","x":19,"y":2},{"id":"160","x":20,"y":2},{"id":"175","x":15,"y":3},{"id":"176","x":16,"y":3},{"id":"177","x":17,"y":3},{"id":"162","x":20,"y":3},{"id":"178","x":15,"y":4},{"id":"179","x":16,"y":4},{"id":"140","x":17,"y":4},{"id":"164","x":20,"y":4},{"id":"180","x":15,"y":5},{"id":"181","x":16,"y":5},{"id":"182","x":17,"y":5},{"id":"166","x":20,"y":5},{"id":"183","x":15,"y":6},{"id":"184","x":16,"y":6},{"id":"185","x":17,"y":6},{"id":"168","x":20,"y":6},{"id":"186","x":15,"y":7},{"id":"187","x":16,"y":7},{"id":"169","x":19,"y":7},{"id":"171","x":21,"y":2},{"id":"172","x":22,"y":2},{"id":"173","x":23,"y":2},{"id":"174","x":24,"y":2},{"id":"159","x":25,"y":2},{"id":"160","x":26,"y":2},{"id":"175","x":21,"y":3},{"id":"176","x":22,"y":3},{"id":"177","x":23,"y":3},{"id":"188","x":24,"y":3},{"id":"161","x":25,"y":3},{"id":"162","x":26,"y":3},{"id":"178","x":21,"y":4},{"id":"179","x":22,"y":4},{"id":"140","x":23,"y":4},{"id":"189","x":24,"y":4},{"id":"163","x":25,"y":4},{"id":"164","x":26,"y":4},{"id":"180","x":21,"y":5},{"id":"181","x":22,"y":5},{"id":"182","x":23,"y":5},{"id":"150","x":24,"y":5},{"id":"165","x":25,"y":5},{"id":"166","x":26,"y":5},{"id":"183","x":21,"y":6},{"id":"184","x":22,"y":6},{"id":"185","x":23,"y":6},{"id":"190","x":24,"y":6},{"id":"167","x":25,"y":6},{"id":"187","x":22,"y":7},{"id":"191","x":23,"y":7},{"id":"192","x":24,"y":7},{"id":"169","x":25,"y":7},{"id":"170","x":26,"y":7},{"id":"171","x":27,"y":2},{"id":"172","x":28,"y":2},{"id":"173","x":29,"y":2},{"id":"174","x":30,"y":2},{"id":"159","x":31,"y":2},{"id":"160","x":32,"y":2},{"id":"175","x":27,"y":3},{"id":"188","x":30,"y":3},{"id":"161","x":31,"y":3},{"id":"162","x":32,"y":3},{"id":"178","x":27,"y":4},{"id":"189","x":30,"y":4},{"id":"163","x":31,"y":4},{"id":"150","x":30,"y":5},{"id":"165","x":31,"y":5},{"id":"166","x":32,"y":5},{"id":"183","x":27,"y":6},{"id":"190","x":30,"y":6},{"id":"167","x":31,"y":6},{"id":"168","x":32,"y":6},{"id":"186","x":27,"y":7},{"id":"187","x":28,"y":7},{"id":"191","x":29,"y":7},{"id":"171","x":33,"y":2},{"id":"172","x":34,"y":2},{"id":"173","x":35,"y":2},{"id":"174","x":36,"y":2},{"id":"159","x":37,"y":2},{"id":"160","x":38,"y":2},{"id":"175","x":33,"y":3},{"id":"176","x":34,"y":3},{"id":"177","x":35,"y":3},{"id":"188","x":36,"y":3},{"id":"161","x":37,"y":3},{"id":"178","x":33,"y":4},{"id":"179","x":34,"y":4},{"id":"140","x":35,"y":4},{"id":"189","x":36,"y":4},{"id":"163","x":37,"y":4},{"id":"180","x":33,"y":5},{"id":"181","x":34,"y":5},{"id":"150","x":36,"y":5},{"id":"165","x":37,"y":5},{"id":"183","x":33,"y":6},{"id":"184","x":34,"y":6},{"id":"185","x":35,"y":6},{"id":"190","x":36,"y":6},{"id":"167","x":37,"y":6},{"id":"187","x":34,"y":7},{"id":"191","x":35,"y":7},{"id":"192","x":36,"y":7},{"id":"169","x":37,"y":7},{"id":"170","x":38,"y":7},{"id":"171","x":39,"y":2},{"id":"172","x":40,"y":2},{"id":"173","x":41,"y":2},{"id":"174","x":42,"y":2},{"id":"159","x":43,"y":2},{"id":"160","x":44,"y":2},{"id":"176","x":40,"y":3},{"id":"177","x":41,"y":3},{"id":"188","x":42,"y":3},{"id":"161","x":43,"y":3},{"id":"162","x":44,"y":3},{"id":"179","x":40,"y":4},{"id":"140","x":41,"y":4},{"id":"189","x":42,"y":4},{"id":"163","x":43,"y":4},{"id":"164","x":44,"y":4},{"id":"181","x":40,"y":5},{"id":"182","x":41,"y":5},{"id":"150","x":42,"y":5},{"id":"165","x":43,"y":5},{"id":"166","x":44,"y":5},{"id":"184","x":40,"y":6},{"id":"185","x":41,"y":6},{"id":"190","x":42,"y":6},{"id":"167","x":43,"y":6},{"id":"168","x":44,"y":6},{"id":"186","x":39,"y":7},{"id":"187","x":40,"y":7},{"id":"191","x":41,"y":7},{"id":"192","x":42,"y":7},{"id":"171","x":45,"y":2},{"id":"172","x":46,"y":2},{"id":"173","x":47,"y":2},{"id":"174","x":48,"y":2},{"id":"159","x":49,"y":2},{"id":"175","x":45,"y":3},{"id":"188","x":48,"y":3},{"id":"161","x":49,"y":3},{"id":"178","x":45,"y":4},{"id":"189","x":48,"y":4},{"id":"163","x":49,"y":4},{"id":"180","x":45,"y":5},{"id":"150","x":48,"y":5},{"id":"165","x":49,"y":5},{"id":"183","x":45,"y":6},{"id":"190","x":48,"y":6},{"id":"167","x":49,"y":6},{"id":"160","x":56,"y":2},{"id":"162","x":56,"y":3},{"id":"164","x":56,"y":4},{"id":"166","x":56,"y":5},{"id":"168","x":56,"y":6},{"id":"170","x":56,"y":7},{"id":"171","x":50,"y":2},{"id":"172","x":51,"y":2},{"id":"173","x":52,"y":2},{"id":"174","x":53,"y":2},{"id":"159","x":54,"y":2},{"id":"160","x":55,"y":2},{"id":"175","x":50,"y":3},{"id":"176","x":51,"y":3},{"id":"177","x":52,"y":3},{"id":"188","x":53,"y":3},{"id":"161","x":54,"y":3},{"id":"162","x":55,"y":3},{"id":"178","x":50,"y":4},{"id":"179","x":51,"y":4},{"id":"140","x":52,"y":4},{"id":"189","x":53,"y":4},{"id":"163","x":54,"y":4},{"id":"164","x":55,"y":4},{"id":"180","x":50,"y":5},{"id":"181","x":51,"y":5},{"id":"182","x":52,"y":5},{"id":"150","x":53,"y":5},{"id":"165","x":54,"y":5},{"id":"166","x":55,"y":5},{"id":"183","x":50,"y":6},{"id":"184","x":51,"y":6},{"id":"185","x":52,"y":6},{"id":"190","x":53,"y":6},{"id":"167","x":54,"y":6},{"id":"168","x":55,"y":6},{"id":"191","x":52,"y":7},{"id":"192","x":53,"y":7},{"id":"169","x":54,"y":7},{"id":"170","x":55,"y":7},{"id":"174","x":6,"y":2},{"id":"188","x":6,"y":3},{"id":"189","x":6,"y":4},{"id":"150","x":6,"y":5},{"id":"190","x":6,"y":6},{"id":"192","x":6,"y":7},{"id":"171","x":0,"y":2},{"id":"172","x":1,"y":2},{"id":"173","x":2,"y":2},{"id":"174","x":3,"y":2},{"id":"159","x":4,"y":2},{"id":"160","x":5,"y":2},{"id":"175","x":0,"y":3},{"id":"176","x":1,"y":3},{"id":"177","x":2,"y":3},{"id":"162","x":5,"y":3},{"id":"178","x":0,"y":4},{"id":"179","x":1,"y":4},{"id":"140","x":2,"y":4},{"id":"164","x":5,"y":4},{"id":"180","x":0,"y":5},{"id":"181","x":1,"y":5},{"id":"182","x":2,"y":5},{"id":"166","x":5,"y":5},{"id":"183","x":0,"y":6},{"id":"184","x":1,"y":6},{"id":"185","x":2,"y":6},{"id":"168","x":5,"y":6},{"id":"191","x":2,"y":7},{"id":"192","x":3,"y":7},{"id":"169","x":4,"y":7},{"id":"170","x":5,"y":7},{"id":"171","x":7,"y":2},{"id":"172","x":8,"y":2},{"id":"173","x":9,"y":2},{"id":"174","x":10,"y":2},{"id":"159","x":11,"y":2},{"id":"160","x":12,"y":2},{"id":"175","x":7,"y":3},{"id":"176","x":8,"y":3},{"id":"177","x":9,"y":3},{"id":"162","x":12,"y":3},{"id":"178","x":7,"y":4},{"id":"179","x":8,"y":4},{"id":"140","x":9,"y":4},{"id":"164","x":12,"y":4},{"id":"180","x":7,"y":5},{"id":"182","x":9,"y":5},{"id":"166","x":12,"y":5},{"id":"183","x":7,"y":6},{"id":"184","x":8,"y":6},{"id":"185","x":9,"y":6},{"id":"168","x":12,"y":6},{"id":"186","x":7,"y":7},{"id":"192","x":10,"y":7},{"id":"169","x":11,"y":7},{"id":"170","x":12,"y":7},{"id":"193","x":4,"y":11},{"id":"193","x":5,"y":11},{"id":"193","x":6,"y":11},{"id":"193","x":7,"y":11},{"id":"193","x":8,"y":11},{"id":"193","x":9,"y":11},{"id":"193","x":9,"y":12},{"id":"193","x":9,"y":13},{"id":"193","x":9,"y":14},{"id":"193","x":9,"y":15},{"id":"193","x":9,"y":16},{"id":"193","x":8,"y":19},{"id":"193","x":7,"y":19},{"id":"193","x":7,"y":18},{"id":"193","x":6,"y":18},{"id":"193","x":5,"y":18},{"id":"193","x":5,"y":16},{"id":"193","x":5,"y":15},{"id":"193","x":5,"y":14},{"id":"193","x":8,"y":12},{"id":"193","x":8,"y":13},{"id":"193","x":8,"y":14},{"id":"193","x":8,"y":15},{"id":"193","x":8,"y":16},{"id":"193","x":8,"y":18},{"id":"193","x":8,"y":17},{"id":"193","x":5,"y":17},{"id":"193","x":4,"y":18},{"id":"193","x":4,"y":17},{"id":"193","x":4,"y":16},{"id":"193","x":4,"y":15},{"id":"193","x":4,"y":14},{"id":"193","x":3,"y":14},{"id":"193","x":3,"y":12},{"id":"193","x":4,"y":12},{"id":"193","x":5,"y":12},{"id":"193","x":6,"y":12},{"id":"193","x":7,"y":12},{"id":"193","x":7,"y":13},{"id":"193","x":7,"y":14},{"id":"193","x":7,"y":15},{"id":"193","x":7,"y":16},{"id":"193","x":7,"y":17},{"id":"193","x":6,"y":17},{"id":"193","x":6,"y":16},{"id":"193","x":6,"y":15},{"id":"193","x":6,"y":14},{"id":"193","x":6,"y":13},{"id":"193","x":5,"y":13},{"id":"193","x":4,"y":13},{"id":"193","x":3,"y":13},{"id":"179","x":10,"y":6},{"id":"179","x":11,"y":6},{"id":"179","x":11,"y":5},{"id":"179","x":11,"y":4},{"id":"179","x":11,"y":3},{"id":"179","x":10,"y":3},{"id":"179","x":10,"y":4},{"id":"179","x":10,"y":5},{"id":"179","x":18,"y":6},{"id":"179","x":19,"y":6},{"id":"179","x":19,"y":5},{"id":"179","x":19,"y":4},{"id":"179","x":18,"y":3},{"id":"179","x":18,"y":4},{"id":"179","x":18,"y":5},{"id":"179","x":28,"y":6},{"id":"179","x":29,"y":6},{"id":"179","x":29,"y":5},{"id":"179","x":29,"y":4},{"id":"179","x":29,"y":3},{"id":"179","x":28,"y":3},{"id":"179","x":28,"y":4},{"id":"179","x":28,"y":5},{"id":"179","x":38,"y":6},{"id":"179","x":39,"y":6},{"id":"179","x":39,"y":5},{"id":"179","x":39,"y":4},{"id":"179","x":32,"y":4},{"id":"179","x":26,"y":6},{"id":"179","x":19,"y":3},{"id":"179","x":35,"y":5},{"id":"179","x":27,"y":5},{"id":"179","x":8,"y":5},{"id":"179","x":39,"y":3},{"id":"179","x":38,"y":3},{"id":"179","x":38,"y":4},{"id":"179","x":38,"y":5},{"id":"179","x":46,"y":6},{"id":"179","x":47,"y":6},{"id":"179","x":47,"y":5},{"id":"179","x":47,"y":4},{"id":"179","x":47,"y":3},{"id":"179","x":46,"y":3},{"id":"179","x":46,"y":4},{"id":"179","x":46,"y":5},{"id":"179","x":4,"y":6},{"id":"179","x":3,"y":6},{"id":"179","x":3,"y":5},{"id":"179","x":3,"y":4},{"id":"179","x":3,"y":3},{"id":"179","x":4,"y":3},{"id":"179","x":4,"y":4},{"id":"179","x":4,"y":5},{"id":"66","x":8,"y":0},{"id":"67","x":9,"y":0},{"id":"68","x":10,"y":0},{"id":"69","x":11,"y":0},{"id":"64","x":12,"y":0},{"id":"65","x":13,"y":0},{"id":"66","x":14,"y":0},{"id":"67","x":15,"y":0},{"id":"68","x":16,"y":0},{"id":"69","x":17,"y":0},{"id":"64","x":18,"y":0},{"id":"65","x":19,"y":0},{"id":"66","x":20,"y":0},{"id":"67","x":21,"y":0},{"id":"68","x":22,"y":0},{"id":"69","x":23,"y":0},{"id":"64","x":24,"y":0},{"id":"65","x":25,"y":0},{"id":"66","x":26,"y":0},{"id":"67","x":27,"y":0},{"id":"68","x":28,"y":0},{"id":"64","x":30,"y":0},{"id":"65","x":31,"y":0},{"id":"66","x":32,"y":0},{"id":"67","x":33,"y":0},{"id":"68","x":34,"y":0},{"id":"69","x":35,"y":0},{"id":"64","x":36,"y":0},{"id":"65","x":37,"y":0},{"id":"66","x":38,"y":0},{"id":"67","x":39,"y":0},{"id":"68","x":40,"y":0},{"id":"69","x":41,"y":0},{"id":"64","x":42,"y":0},{"id":"65","x":43,"y":0},{"id":"66","x":44,"y":0},{"id":"67","x":45,"y":0},{"id":"68","x":46,"y":0},{"id":"69","x":47,"y":0},{"id":"64","x":48,"y":0},{"id":"65","x":49,"y":0},{"id":"66","x":50,"y":0},{"id":"67","x":51,"y":0},{"id":"68","x":52,"y":0},{"id":"69","x":53,"y":0},{"id":"64","x":54,"y":0},{"id":"65","x":55,"y":0},{"id":"66","x":56,"y":0},{"id":"67","x":57,"y":0},{"id":"68","x":58,"y":0},{"id":"69","x":59,"y":0},{"id":"172","x":57,"y":2},{"id":"173","x":58,"y":2},{"id":"174","x":59,"y":2},{"id":"159","x":60,"y":2},{"id":"176","x":57,"y":3},{"id":"177","x":58,"y":3},{"id":"188","x":59,"y":3},{"id":"161","x":60,"y":3},{"id":"179","x":57,"y":4},{"id":"140","x":58,"y":4},{"id":"189","x":59,"y":4},{"id":"163","x":60,"y":4},{"id":"181","x":57,"y":5},{"id":"182","x":58,"y":5},{"id":"150","x":59,"y":5},{"id":"165","x":60,"y":5},{"id":"184","x":57,"y":6},{"id":"185","x":58,"y":6},{"id":"190","x":59,"y":6},{"id":"167","x":60,"y":6},{"id":"187","x":57,"y":7},{"id":"191","x":58,"y":7},{"id":"192","x":59,"y":7},{"id":"169","x":60,"y":7},{"id":"68","x":60,"y":0},{"id":"171","x":46,"y":9},{"id":"172","x":47,"y":9},{"id":"175","x":46,"y":10},{"id":"176","x":47,"y":10},{"id":"178","x":46,"y":11},{"id":"179","x":47,"y":11},{"id":"140","x":48,"y":11},{"id":"189","x":49,"y":11},{"id":"163","x":50,"y":11},{"id":"164","x":51,"y":11},{"id":"180","x":46,"y":12},{"id":"181","x":47,"y":12},{"id":"182","x":48,"y":12},{"id":"150","x":49,"y":12},{"id":"165","x":50,"y":12},{"id":"166","x":51,"y":12},{"id":"183","x":46,"y":13},{"id":"184","x":47,"y":13},{"id":"185","x":48,"y":13},{"id":"190","x":49,"y":13},{"id":"167","x":50,"y":13},{"id":"168","x":51,"y":13},{"id":"186","x":46,"y":14},{"id":"187","x":47,"y":14},{"id":"191","x":48,"y":14},{"id":"192","x":49,"y":14},{"id":"169","x":50,"y":14},{"id":"170","x":51,"y":14},{"id":"64","x":52,"y":8},{"id":"66","x":54,"y":8},{"id":"67","x":55,"y":8},{"id":"69","x":57,"y":8},{"id":"171","x":52,"y":9},{"id":"172","x":53,"y":9},{"id":"173","x":54,"y":9},{"id":"174","x":55,"y":9},{"id":"159","x":56,"y":9},{"id":"160","x":57,"y":9},{"id":"175","x":52,"y":10},{"id":"176","x":53,"y":10},{"id":"177","x":54,"y":10},{"id":"188","x":55,"y":10},{"id":"161","x":56,"y":10},{"id":"162","x":57,"y":10},{"id":"178","x":52,"y":11},{"id":"179","x":53,"y":11},{"id":"140","x":54,"y":11},{"id":"189","x":55,"y":11},{"id":"163","x":56,"y":11},{"id":"164","x":57,"y":11},{"id":"181","x":53,"y":12},{"id":"182","x":54,"y":12},{"id":"150","x":55,"y":12},{"id":"165","x":56,"y":12},{"id":"166","x":57,"y":12},{"id":"183","x":52,"y":13},{"id":"184","x":53,"y":13},{"id":"185","x":54,"y":13},{"id":"190","x":55,"y":13},{"id":"167","x":56,"y":13},{"id":"168","x":57,"y":13},{"id":"186","x":52,"y":14},{"id":"187","x":53,"y":14},{"id":"191","x":54,"y":14},{"id":"192","x":55,"y":14},{"id":"169","x":56,"y":14},{"id":"170","x":57,"y":14},{"id":"182","x":47,"y":7},{"id":"171","x":46,"y":16},{"id":"172","x":47,"y":16},{"id":"173","x":48,"y":16},{"id":"174","x":49,"y":16},{"id":"159","x":50,"y":16},{"id":"160","x":51,"y":16},{"id":"175","x":46,"y":17},{"id":"176","x":47,"y":17},{"id":"177","x":48,"y":17},{"id":"188","x":49,"y":17},{"id":"161","x":50,"y":17},{"id":"162","x":51,"y":17},{"id":"178","x":46,"y":18},{"id":"179","x":47,"y":18},{"id":"140","x":48,"y":18},{"id":"189","x":49,"y":18},{"id":"163","x":50,"y":18},{"id":"164","x":51,"y":18},{"id":"180","x":46,"y":19},{"id":"181","x":47,"y":19},{"id":"182","x":48,"y":19},{"id":"150","x":49,"y":19},{"id":"165","x":50,"y":19},{"id":"166","x":51,"y":19},{"id":"183","x":46,"y":20},{"id":"184","x":47,"y":20},{"id":"185","x":48,"y":20},{"id":"190","x":49,"y":20},{"id":"167","x":50,"y":20},{"id":"168","x":51,"y":20},{"id":"186","x":46,"y":21},{"id":"187","x":47,"y":21},{"id":"191","x":48,"y":21},{"id":"192","x":49,"y":21},{"id":"169","x":50,"y":21},{"id":"170","x":51,"y":21},{"id":"171","x":52,"y":16},{"id":"172","x":53,"y":16},{"id":"173","x":54,"y":16},{"id":"174","x":55,"y":16},{"id":"159","x":56,"y":16},{"id":"160","x":57,"y":16},{"id":"175","x":52,"y":17},{"id":"176","x":53,"y":17},{"id":"177","x":54,"y":17},{"id":"188","x":55,"y":17},{"id":"161","x":56,"y":17},{"id":"162","x":57,"y":17},{"id":"178","x":52,"y":18},{"id":"179","x":53,"y":18},{"id":"140","x":54,"y":18},{"id":"189","x":55,"y":18},{"id":"163","x":56,"y":18},{"id":"164","x":57,"y":18},{"id":"180","x":52,"y":19},{"id":"181","x":53,"y":19},{"id":"182","x":54,"y":19},{"id":"150","x":55,"y":19},{"id":"165","x":56,"y":19},{"id":"166","x":57,"y":19},{"id":"183","x":52,"y":20},{"id":"184","x":53,"y":20},{"id":"185","x":54,"y":20},{"id":"190","x":55,"y":20},{"id":"167","x":56,"y":20},{"id":"168","x":57,"y":20},{"id":"186","x":52,"y":21},{"id":"187","x":53,"y":21},{"id":"191","x":54,"y":21},{"id":"192","x":55,"y":21},{"id":"169","x":56,"y":21},{"id":"170","x":57,"y":21},{"id":"64","x":58,"y":8},{"id":"66","x":60,"y":8},{"id":"171","x":58,"y":9},{"id":"172","x":59,"y":9},{"id":"173","x":60,"y":9},{"id":"174","x":61,"y":9},{"id":"159","x":62,"y":9},{"id":"160","x":63,"y":9},{"id":"175","x":58,"y":10},{"id":"176","x":59,"y":10},{"id":"177","x":60,"y":10},{"id":"188","x":61,"y":10},{"id":"161","x":62,"y":10},{"id":"162","x":63,"y":10},{"id":"178","x":58,"y":11},{"id":"179","x":59,"y":11},{"id":"140","x":60,"y":11},{"id":"189","x":61,"y":11},{"id":"163","x":62,"y":11},{"id":"164","x":63,"y":11},{"id":"180","x":58,"y":12},{"id":"181","x":59,"y":12},{"id":"182","x":60,"y":12},{"id":"150","x":61,"y":12},{"id":"165","x":62,"y":12},{"id":"166","x":63,"y":12},{"id":"183","x":58,"y":13},{"id":"184","x":59,"y":13},{"id":"185","x":60,"y":13},{"id":"190","x":61,"y":13},{"id":"167","x":62,"y":13},{"id":"168","x":63,"y":13},{"id":"186","x":58,"y":14},{"id":"187","x":59,"y":14},{"id":"191","x":60,"y":14},{"id":"192","x":61,"y":14},{"id":"169","x":62,"y":14},{"id":"170","x":63,"y":14},{"id":"64","x":46,"y":22},{"id":"65","x":47,"y":22},{"id":"66","x":48,"y":22},{"id":"67","x":49,"y":22},{"id":"68","x":50,"y":22},{"id":"171","x":46,"y":23},{"id":"172","x":47,"y":23},{"id":"173","x":48,"y":23},{"id":"174","x":49,"y":23},{"id":"159","x":50,"y":23},{"id":"160","x":51,"y":23},{"id":"175","x":46,"y":24},{"id":"176","x":47,"y":24},{"id":"177","x":48,"y":24},{"id":"188","x":49,"y":24},{"id":"161","x":50,"y":24},{"id":"162","x":51,"y":24},{"id":"178","x":46,"y":25},{"id":"179","x":47,"y":25},{"id":"140","x":48,"y":25},{"id":"189","x":49,"y":25},{"id":"163","x":50,"y":25},{"id":"164","x":51,"y":25},{"id":"180","x":46,"y":26},{"id":"181","x":47,"y":26},{"id":"182","x":48,"y":26},{"id":"150","x":49,"y":26},{"id":"165","x":50,"y":26},{"id":"166","x":51,"y":26},{"id":"183","x":46,"y":27},{"id":"184","x":47,"y":27},{"id":"185","x":48,"y":27},{"id":"190","x":49,"y":27},{"id":"167","x":50,"y":27},{"id":"168","x":51,"y":27},{"id":"186","x":46,"y":28},{"id":"187","x":47,"y":28},{"id":"191","x":48,"y":28},{"id":"192","x":49,"y":28},{"id":"169","x":50,"y":28},{"id":"170","x":51,"y":28},{"id":"194","x":46,"y":29},{"id":"195","x":47,"y":29},{"id":"196","x":48,"y":29},{"id":"197","x":49,"y":29},{"id":"198","x":50,"y":29},{"id":"199","x":51,"y":29},{"id":"65","x":53,"y":22},{"id":"66","x":54,"y":22},{"id":"67","x":55,"y":22},{"id":"68","x":56,"y":22},{"id":"69","x":57,"y":22},{"id":"171","x":52,"y":23},{"id":"172","x":53,"y":23},{"id":"173","x":54,"y":23},{"id":"174","x":55,"y":23},{"id":"159","x":56,"y":23},{"id":"160","x":57,"y":23},{"id":"175","x":52,"y":24},{"id":"176","x":53,"y":24},{"id":"177","x":54,"y":24},{"id":"188","x":55,"y":24},{"id":"161","x":56,"y":24},{"id":"162","x":57,"y":24},{"id":"178","x":52,"y":25},{"id":"179","x":53,"y":25},{"id":"140","x":54,"y":25},{"id":"189","x":55,"y":25},{"id":"163","x":56,"y":25},{"id":"164","x":57,"y":25},{"id":"180","x":52,"y":26},{"id":"181","x":53,"y":26},{"id":"182","x":54,"y":26},{"id":"150","x":55,"y":26},{"id":"165","x":56,"y":26},{"id":"166","x":57,"y":26},{"id":"183","x":52,"y":27},{"id":"184","x":53,"y":27},{"id":"185","x":54,"y":27},{"id":"190","x":55,"y":27},{"id":"167","x":56,"y":27},{"id":"168","x":57,"y":27},{"id":"186","x":52,"y":28},{"id":"187","x":53,"y":28},{"id":"191","x":54,"y":28},{"id":"192","x":55,"y":28},{"id":"169","x":56,"y":28},{"id":"170","x":57,"y":28},{"id":"194","x":52,"y":29},{"id":"195","x":53,"y":29},{"id":"196","x":54,"y":29},{"id":"197","x":55,"y":29},{"id":"198","x":56,"y":29},{"id":"199","x":57,"y":29},{"id":"64","x":40,"y":22},{"id":"65","x":41,"y":22},{"id":"66","x":42,"y":22},{"id":"67","x":43,"y":22},{"id":"68","x":44,"y":22},{"id":"69","x":45,"y":22},{"id":"171","x":40,"y":23},{"id":"172","x":41,"y":23},{"id":"173","x":42,"y":23},{"id":"174","x":43,"y":23},{"id":"159","x":44,"y":23},{"id":"160","x":45,"y":23},{"id":"175","x":40,"y":24},{"id":"176","x":41,"y":24},{"id":"177","x":42,"y":24},{"id":"188","x":43,"y":24},{"id":"161","x":44,"y":24},{"id":"162","x":45,"y":24},{"id":"178","x":40,"y":25},{"id":"179","x":41,"y":25},{"id":"140","x":42,"y":25},{"id":"189","x":43,"y":25},{"id":"163","x":44,"y":25},{"id":"164","x":45,"y":25},{"id":"165","x":44,"y":26},{"id":"166","x":45,"y":26},{"id":"167","x":44,"y":27},{"id":"168","x":45,"y":27},{"id":"169","x":44,"y":28},{"id":"170","x":45,"y":28},{"id":"198","x":44,"y":29},{"id":"199","x":45,"y":29},{"id":"64","x":34,"y":22},{"id":"65","x":35,"y":22},{"id":"66","x":36,"y":22},{"id":"67","x":37,"y":22},{"id":"68","x":38,"y":22},{"id":"69","x":39,"y":22},{"id":"171","x":34,"y":23},{"id":"172","x":35,"y":23},{"id":"173","x":36,"y":23},{"id":"174","x":37,"y":23},{"id":"159","x":38,"y":23},{"id":"160","x":39,"y":23},{"id":"175","x":34,"y":24},{"id":"176","x":35,"y":24},{"id":"177","x":36,"y":24},{"id":"188","x":37,"y":24},{"id":"161","x":38,"y":24},{"id":"162","x":39,"y":24},{"id":"178","x":34,"y":25},{"id":"179","x":35,"y":25},{"id":"140","x":36,"y":25},{"id":"189","x":37,"y":25},{"id":"163","x":38,"y":25},{"id":"164","x":39,"y":25},{"id":"180","x":34,"y":26},{"id":"181","x":35,"y":26},{"id":"182","x":36,"y":26},{"id":"150","x":37,"y":26},{"id":"165","x":38,"y":26},{"id":"166","x":39,"y":26},{"id":"183","x":34,"y":27},{"id":"184","x":35,"y":27},{"id":"185","x":36,"y":27},{"id":"190","x":37,"y":27},{"id":"167","x":38,"y":27},{"id":"168","x":39,"y":27},{"id":"186","x":34,"y":28},{"id":"187","x":35,"y":28},{"id":"191","x":36,"y":28},{"id":"192","x":37,"y":28},{"id":"169","x":38,"y":28},{"id":"170","x":39,"y":28},{"id":"194","x":34,"y":29},{"id":"195","x":35,"y":29},{"id":"196","x":36,"y":29},{"id":"197","x":37,"y":29},{"id":"198","x":38,"y":29},{"id":"199","x":39,"y":29},{"id":"64","x":28,"y":22},{"id":"65","x":29,"y":22},{"id":"66","x":30,"y":22},{"id":"67","x":31,"y":22},{"id":"68","x":32,"y":22},{"id":"69","x":33,"y":22},{"id":"171","x":28,"y":23},{"id":"172","x":29,"y":23},{"id":"173","x":30,"y":23},{"id":"174","x":31,"y":23},{"id":"159","x":32,"y":23},{"id":"160","x":33,"y":23},{"id":"175","x":28,"y":24},{"id":"176","x":29,"y":24},{"id":"177","x":30,"y":24},{"id":"188","x":31,"y":24},{"id":"161","x":32,"y":24},{"id":"162","x":33,"y":24},{"id":"178","x":28,"y":25},{"id":"179","x":29,"y":25},{"id":"140","x":30,"y":25},{"id":"189","x":31,"y":25},{"id":"163","x":32,"y":25},{"id":"164","x":33,"y":25},{"id":"180","x":28,"y":26},{"id":"181","x":29,"y":26},{"id":"182","x":30,"y":26},{"id":"150","x":31,"y":26},{"id":"165","x":32,"y":26},{"id":"166","x":33,"y":26},{"id":"183","x":28,"y":27},{"id":"184","x":29,"y":27},{"id":"185","x":30,"y":27},{"id":"190","x":31,"y":27},{"id":"167","x":32,"y":27},{"id":"168","x":33,"y":27},{"id":"186","x":28,"y":28},{"id":"187","x":29,"y":28},{"id":"191","x":30,"y":28},{"id":"192","x":31,"y":28},{"id":"169","x":32,"y":28},{"id":"170","x":33,"y":28},{"id":"194","x":28,"y":29},{"id":"195","x":29,"y":29},{"id":"196","x":30,"y":29},{"id":"197","x":31,"y":29},{"id":"198","x":32,"y":29},{"id":"199","x":33,"y":29},{"id":"69","x":27,"y":22},{"id":"160","x":27,"y":23},{"id":"162","x":27,"y":24},{"id":"164","x":27,"y":25},{"id":"166","x":27,"y":26},{"id":"168","x":27,"y":27},{"id":"170","x":27,"y":28},{"id":"199","x":27,"y":29},{"id":"64","x":15,"y":22},{"id":"65","x":16,"y":22},{"id":"66","x":17,"y":22},{"id":"67","x":18,"y":22},{"id":"68","x":19,"y":22},{"id":"69","x":20,"y":22},{"id":"171","x":15,"y":23},{"id":"172","x":16,"y":23},{"id":"173","x":17,"y":23},{"id":"174","x":18,"y":23},{"id":"159","x":19,"y":23},{"id":"160","x":20,"y":23},{"id":"175","x":15,"y":24},{"id":"176","x":16,"y":24},{"id":"177","x":17,"y":24},{"id":"188","x":18,"y":24},{"id":"161","x":19,"y":24},{"id":"162","x":20,"y":24},{"id":"178","x":15,"y":25},{"id":"179","x":16,"y":25},{"id":"140","x":17,"y":25},{"id":"189","x":18,"y":25},{"id":"163","x":19,"y":25},{"id":"164","x":20,"y":25},{"id":"180","x":15,"y":26},{"id":"181","x":16,"y":26},{"id":"182","x":17,"y":26},{"id":"150","x":18,"y":26},{"id":"165","x":19,"y":26},{"id":"166","x":20,"y":26},{"id":"183","x":15,"y":27},{"id":"184","x":16,"y":27},{"id":"185","x":17,"y":27},{"id":"190","x":18,"y":27},{"id":"167","x":19,"y":27},{"id":"168","x":20,"y":27},{"id":"186","x":15,"y":28},{"id":"187","x":16,"y":28},{"id":"191","x":17,"y":28},{"id":"192","x":18,"y":28},{"id":"169","x":19,"y":28},{"id":"170","x":20,"y":28},{"id":"194","x":15,"y":29},{"id":"195","x":16,"y":29},{"id":"196","x":17,"y":29},{"id":"197","x":18,"y":29},{"id":"198","x":19,"y":29},{"id":"199","x":20,"y":29},{"id":"64","x":21,"y":22},{"id":"65","x":22,"y":22},{"id":"66","x":23,"y":22},{"id":"67","x":24,"y":22},{"id":"68","x":25,"y":22},{"id":"69","x":26,"y":22},{"id":"171","x":21,"y":23},{"id":"172","x":22,"y":23},{"id":"173","x":23,"y":23},{"id":"174","x":24,"y":23},{"id":"159","x":25,"y":23},{"id":"160","x":26,"y":23},{"id":"175","x":21,"y":24},{"id":"176","x":22,"y":24},{"id":"177","x":23,"y":24},{"id":"188","x":24,"y":24},{"id":"161","x":25,"y":24},{"id":"162","x":26,"y":24},{"id":"178","x":21,"y":25},{"id":"179","x":22,"y":25},{"id":"140","x":23,"y":25},{"id":"189","x":24,"y":25},{"id":"163","x":25,"y":25},{"id":"164","x":26,"y":25},{"id":"180","x":21,"y":26},{"id":"181","x":22,"y":26},{"id":"182","x":23,"y":26},{"id":"150","x":24,"y":26},{"id":"165","x":25,"y":26},{"id":"166","x":26,"y":26},{"id":"183","x":21,"y":27},{"id":"184","x":22,"y":27},{"id":"185","x":23,"y":27},{"id":"190","x":24,"y":27},{"id":"167","x":25,"y":27},{"id":"168","x":26,"y":27},{"id":"186","x":21,"y":28},{"id":"187","x":22,"y":28},{"id":"191","x":23,"y":28},{"id":"192","x":24,"y":28},{"id":"169","x":25,"y":28},{"id":"170","x":26,"y":28},{"id":"194","x":21,"y":29},{"id":"195","x":22,"y":29},{"id":"196","x":23,"y":29},{"id":"197","x":24,"y":29},{"id":"198","x":25,"y":29},{"id":"199","x":26,"y":29},{"id":"65","x":10,"y":22},{"id":"66","x":11,"y":22},{"id":"67","x":12,"y":22},{"id":"68","x":13,"y":22},{"id":"69","x":14,"y":22},{"id":"172","x":10,"y":23},{"id":"173","x":11,"y":23},{"id":"174","x":12,"y":23},{"id":"159","x":13,"y":23},{"id":"160","x":14,"y":23},{"id":"176","x":10,"y":24},{"id":"177","x":11,"y":24},{"id":"188","x":12,"y":24},{"id":"161","x":13,"y":24},{"id":"162","x":14,"y":24},{"id":"179","x":10,"y":25},{"id":"140","x":11,"y":25},{"id":"189","x":12,"y":25},{"id":"163","x":13,"y":25},{"id":"164","x":14,"y":25},{"id":"181","x":10,"y":26},{"id":"182","x":11,"y":26},{"id":"150","x":12,"y":26},{"id":"165","x":13,"y":26},{"id":"166","x":14,"y":26},{"id":"184","x":10,"y":27},{"id":"185","x":11,"y":27},{"id":"190","x":12,"y":27},{"id":"167","x":13,"y":27},{"id":"168","x":14,"y":27},{"id":"187","x":10,"y":28},{"id":"191","x":11,"y":28},{"id":"192","x":12,"y":28},{"id":"169","x":13,"y":28},{"id":"170","x":14,"y":28},{"id":"194","x":9,"y":29},{"id":"195","x":10,"y":29},{"id":"196","x":11,"y":29},{"id":"197","x":12,"y":29},{"id":"198","x":13,"y":29},{"id":"199","x":14,"y":29},{"id":"66","x":60,"y":15},{"id":"67","x":61,"y":15},{"id":"68","x":62,"y":15},{"id":"69","x":63,"y":15},{"id":"171","x":58,"y":16},{"id":"172","x":59,"y":16},{"id":"173","x":60,"y":16},{"id":"174","x":61,"y":16},{"id":"159","x":62,"y":16},{"id":"160","x":63,"y":16},{"id":"175","x":58,"y":17},{"id":"176","x":59,"y":17},{"id":"177","x":60,"y":17},{"id":"188","x":61,"y":17},{"id":"161","x":62,"y":17},{"id":"162","x":63,"y":17},{"id":"178","x":58,"y":18},{"id":"179","x":59,"y":18},{"id":"140","x":60,"y":18},{"id":"189","x":61,"y":18},{"id":"163","x":62,"y":18},{"id":"164","x":63,"y":18},{"id":"180","x":58,"y":19},{"id":"181","x":59,"y":19},{"id":"182","x":60,"y":19},{"id":"150","x":61,"y":19},{"id":"165","x":62,"y":19},{"id":"183","x":58,"y":20},{"id":"184","x":59,"y":20},{"id":"185","x":60,"y":20},{"id":"190","x":61,"y":20},{"id":"167","x":62,"y":20},{"id":"186","x":58,"y":21},{"id":"187","x":59,"y":21},{"id":"191","x":60,"y":21},{"id":"192","x":61,"y":21},{"id":"169","x":62,"y":21},{"id":"64","x":58,"y":22},{"id":"65","x":59,"y":22},{"id":"66","x":60,"y":22},{"id":"67","x":61,"y":22},{"id":"68","x":62,"y":22},{"id":"69","x":63,"y":22},{"id":"171","x":58,"y":23},{"id":"172","x":59,"y":23},{"id":"173","x":60,"y":23},{"id":"174","x":61,"y":23},{"id":"159","x":62,"y":23},{"id":"160","x":63,"y":23},{"id":"175","x":58,"y":24},{"id":"176","x":59,"y":24},{"id":"177","x":60,"y":24},{"id":"188","x":61,"y":24},{"id":"161","x":62,"y":24},{"id":"162","x":63,"y":24},{"id":"178","x":58,"y":25},{"id":"179","x":59,"y":25},{"id":"140","x":60,"y":25},{"id":"189","x":61,"y":25},{"id":"163","x":62,"y":25},{"id":"164","x":63,"y":25},{"id":"180","x":58,"y":26},{"id":"181","x":59,"y":26},{"id":"182","x":60,"y":26},{"id":"150","x":61,"y":26},{"id":"165","x":62,"y":26},{"id":"166","x":63,"y":26},{"id":"183","x":58,"y":27},{"id":"184","x":59,"y":27},{"id":"185","x":60,"y":27},{"id":"190","x":61,"y":27},{"id":"167","x":62,"y":27},{"id":"168","x":63,"y":27},{"id":"186","x":58,"y":28},{"id":"187","x":59,"y":28},{"id":"191","x":60,"y":28},{"id":"192","x":61,"y":28},{"id":"169","x":62,"y":28},{"id":"170","x":63,"y":28},{"id":"194","x":58,"y":29},{"id":"195","x":59,"y":29},{"id":"196","x":60,"y":29},{"id":"197","x":61,"y":29},{"id":"198","x":62,"y":29},{"id":"199","x":63,"y":29},{"id":"65","x":61,"y":0},{"id":"66","x":62,"y":0},{"id":"67","x":63,"y":0},{"id":"172","x":61,"y":1},{"id":"173","x":62,"y":1},{"id":"174","x":63,"y":1},{"id":"176","x":61,"y":2},{"id":"177","x":62,"y":2},{"id":"188","x":63,"y":2},{"id":"179","x":61,"y":3},{"id":"140","x":62,"y":3},{"id":"189","x":63,"y":3},{"id":"181","x":61,"y":4},{"id":"182","x":62,"y":4},{"id":"150","x":63,"y":4},{"id":"184","x":61,"y":5},{"id":"185","x":62,"y":5},{"id":"190","x":63,"y":5},{"id":"187","x":61,"y":6},{"id":"191","x":62,"y":6},{"id":"192","x":63,"y":6},{"id":"65","x":7,"y":0},{"id":"64","x":6,"y":0},{"id":"65","x":47,"y":8},{"id":"197","x":42,"y":8},{"id":"196","x":41,"y":8},{"id":"195","x":40,"y":8},{"id":"194","x":39,"y":8},{"id":"199","x":38,"y":8},{"id":"198","x":37,"y":8},{"id":"197","x":36,"y":8},{"id":"196","x":35,"y":8},{"id":"195","x":34,"y":8},{"id":"196","x":29,"y":8},{"id":"195","x":28,"y":8},{"id":"186","x":9,"y":28},{"id":"183","x":9,"y":27},{"id":"180","x":9,"y":26},{"id":"178","x":9,"y":25},{"id":"175","x":9,"y":24},{"id":"171","x":9,"y":23},{"id":"64","x":9,"y":22},{"id":"187","x":1,"y":7},{"id":"186","x":0,"y":7},{"id":"105","x":8,"y":7},{"id":"106","x":9,"y":7},{"id":"107","x":8,"y":8},{"id":"108","x":9,"y":8},{"id":"105","x":20,"y":7},{"id":"106","x":21,"y":7},{"id":"107","x":20,"y":8},{"id":"108","x":21,"y":8},{"id":"106","x":31,"y":7},{"id":"107","x":30,"y":8},{"id":"108","x":31,"y":8},{"id":"105","x":32,"y":7},{"id":"107","x":32,"y":8},{"id":"108","x":33,"y":8},{"id":"106","x":44,"y":7},{"id":"107","x":43,"y":8},{"id":"108","x":44,"y":8},{"id":"105","x":45,"y":7},{"id":"107","x":45,"y":8},{"id":"108","x":46,"y":8},{"id":"190","x":51,"y":7},{"id":"185","x":50,"y":7},{"id":"165","x":49,"y":7},{"id":"150","x":48,"y":7},{"id":"162","x":51,"y":10},{"id":"161","x":50,"y":10},{"id":"160","x":51,"y":9},{"id":"159","x":50,"y":9},{"id":"174","x":49,"y":9},{"id":"173","x":48,"y":9},{"id":"189","x":50,"y":8},{"id":"189","x":49,"y":8},{"id":"189","x":49,"y":10},{"id":"189","x":46,"y":7},{"id":"189","x":33,"y":7},{"id":"105","x":30,"y":7},{"id":"189","x":61,"y":8},{"id":"189","x":62,"y":8},{"id":"189","x":63,"y":8},{"id":"189","x":61,"y":7},{"id":"189","x":62,"y":7},{"id":"189","x":63,"y":7},{"id":"189","x":59,"y":8},{"id":"189","x":56,"y":8},{"id":"189","x":53,"y":8},{"id":"189","x":48,"y":10},{"id":"189","x":52,"y":12},{"id":"189","x":54,"y":15},{"id":"189","x":55,"y":15},{"id":"189","x":56,"y":15},{"id":"189","x":57,"y":15},{"id":"189","x":59,"y":15},{"id":"189","x":58,"y":15},{"id":"189","x":53,"y":15},{"id":"189","x":46,"y":15},{"id":"189","x":47,"y":15},{"id":"189","x":48,"y":15},{"id":"189","x":49,"y":15},{"id":"189","x":50,"y":15},{"id":"189","x":51,"y":15},{"id":"189","x":52,"y":15},{"id":"189","x":51,"y":22},{"id":"189","x":52,"y":22},{"id":"189","x":47,"y":1},{"id":"189","x":48,"y":1},{"id":"189","x":49,"y":1},{"id":"189","x":50,"y":1},{"id":"189","x":51,"y":1},{"id":"189","x":53,"y":1},{"id":"189","x":52,"y":1},{"id":"189","x":54,"y":1},{"id":"189","x":55,"y":1},{"id":"189","x":56,"y":1},{"id":"189","x":57,"y":1},{"id":"189","x":58,"y":1},{"id":"189","x":59,"y":1},{"id":"189","x":60,"y":1},{"id":"167","x":11,"y":1},{"id":"167","x":12,"y":1},{"id":"167","x":14,"y":1},{"id":"159","x":22,"y":1},{"id":"159","x":23,"y":1},{"id":"159","x":24,"y":1},{"id":"159","x":25,"y":1},{"id":"159","x":26,"y":1},{"id":"159","x":27,"y":1},{"id":"159","x":28,"y":1},{"id":"159","x":29,"y":1},{"id":"159","x":29,"y":0},{"id":"159","x":30,"y":1},{"id":"159","x":31,"y":1},{"id":"159","x":32,"y":1},{"id":"159","x":33,"y":1},{"id":"159","x":34,"y":1},{"id":"159","x":35,"y":1},{"id":"159","x":36,"y":1},{"id":"159","x":38,"y":1},{"id":"159","x":39,"y":1},{"id":"159","x":37,"y":1},{"id":"159","x":40,"y":1},{"id":"159","x":41,"y":1},{"id":"159","x":42,"y":1},{"id":"159","x":43,"y":1},{"id":"159","x":44,"y":1},{"id":"159","x":45,"y":1},{"id":"159","x":46,"y":1},{"id":"159","x":19,"y":1},{"id":"159","x":20,"y":1},{"id":"159","x":21,"y":1},{"id":"159","x":18,"y":1},{"id":"159","x":17,"y":1},{"id":"159","x":16,"y":1},{"id":"159","x":15,"y":1},{"id":"159","x":13,"y":1},{"id":"159","x":10,"y":1},{"id":"159","x":9,"y":1},{"id":"159","x":7,"y":1},{"id":"159","x":8,"y":1},{"id":"159","x":6,"y":1},{"id":"159","x":5,"y":1},{"id":"159","x":4,"y":1},{"id":"159","x":3,"y":1},{"id":"159","x":2,"y":1},{"id":"159","x":1,"y":1},{"id":"159","x":0,"y":1},{"id":"105","x":43,"y":7},{"id":"64","x":3,"y":22},{"id":"65","x":4,"y":22},{"id":"66","x":5,"y":22},{"id":"67","x":6,"y":22},{"id":"68","x":7,"y":22},{"id":"69","x":8,"y":22},{"id":"171","x":3,"y":23},{"id":"172","x":4,"y":23},{"id":"173","x":5,"y":23},{"id":"174","x":6,"y":23},{"id":"159","x":7,"y":23},{"id":"160","x":8,"y":23},{"id":"175","x":3,"y":24},{"id":"176","x":4,"y":24},{"id":"177","x":5,"y":24},{"id":"188","x":6,"y":24},{"id":"161","x":7,"y":24},{"id":"162","x":8,"y":24},{"id":"178","x":3,"y":25},{"id":"179","x":4,"y":25},{"id":"140","x":5,"y":25},{"id":"189","x":6,"y":25},{"id":"163","x":7,"y":25},{"id":"164","x":8,"y":25},{"id":"180","x":3,"y":26},{"id":"181","x":4,"y":26},{"id":"182","x":5,"y":26},{"id":"150","x":6,"y":26},{"id":"165","x":7,"y":26},{"id":"166","x":8,"y":26},{"id":"183","x":3,"y":27},{"id":"184","x":4,"y":27},{"id":"185","x":5,"y":27},{"id":"190","x":6,"y":27},{"id":"167","x":7,"y":27},{"id":"168","x":8,"y":27},{"id":"186","x":3,"y":28},{"id":"187","x":4,"y":28},{"id":"191","x":5,"y":28},{"id":"192","x":6,"y":28},{"id":"169","x":7,"y":28},{"id":"170","x":8,"y":28},{"id":"194","x":3,"y":29},{"id":"195","x":4,"y":29},{"id":"196","x":5,"y":29},{"id":"197","x":6,"y":29},{"id":"198","x":7,"y":29},{"id":"199","x":8,"y":29},{"id":"197","x":43,"y":29},{"id":"196","x":42,"y":29},{"id":"195","x":41,"y":29},{"id":"194","x":40,"y":29},{"id":"192","x":43,"y":28},{"id":"191","x":42,"y":28},{"id":"187","x":41,"y":28},{"id":"186","x":40,"y":28},{"id":"190","x":43,"y":27},{"id":"185","x":42,"y":27},{"id":"184","x":41,"y":27},{"id":"183","x":40,"y":27},{"id":"150","x":43,"y":26},{"id":"182","x":42,"y":26},{"id":"181","x":41,"y":26},{"id":"180","x":40,"y":26},{"id":"105","x":17,"y":7},{"id":"106","x":18,"y":7},{"id":"107","x":17,"y":8},{"id":"108","x":18,"y":8},{"id":"64","x":64,"y":29},{"id":"65","x":65,"y":29},{"id":"64","x":64,"y":28},{"id":"65","x":65,"y":28},{"id":"64","x":64,"y":27},{"id":"65","x":65,"y":27},{"id":"64","x":64,"y":26},{"id":"65","x":65,"y":26},{"id":"64","x":64,"y":25},{"id":"65","x":65,"y":25},{"id":"64","x":64,"y":24},{"id":"65","x":65,"y":24},{"id":"64","x":64,"y":23},{"id":"65","x":65,"y":23},{"id":"64","x":64,"y":22},{"id":"65","x":65,"y":22},{"id":"64","x":63,"y":21},{"id":"65","x":64,"y":21},{"id":"66","x":65,"y":21},{"id":"64","x":63,"y":20},{"id":"64","x":63,"y":19},{"id":"64","x":64,"y":20},{"id":"65","x":65,"y":20},{"id":"64","x":64,"y":19},{"id":"65","x":65,"y":19},{"id":"64","x":64,"y":18},{"id":"65","x":65,"y":18},{"id":"64","x":64,"y":17},{"id":"65","x":65,"y":17},{"id":"64","x":64,"y":16},{"id":"65","x":65,"y":16},{"id":"64","x":64,"y":15},{"id":"65","x":65,"y":15},{"id":"64","x":64,"y":13},{"id":"65","x":65,"y":13},{"id":"64","x":64,"y":12},{"id":"65","x":65,"y":12},{"id":"64","x":64,"y":11},{"id":"65","x":65,"y":11},{"id":"64","x":64,"y":10},{"id":"65","x":65,"y":10},{"id":"64","x":64,"y":9},{"id":"65","x":65,"y":9},{"id":"64","x":64,"y":8},{"id":"65","x":65,"y":8},{"id":"64","x":64,"y":7},{"id":"65","x":65,"y":7},{"id":"64","x":64,"y":6},{"id":"65","x":65,"y":6},{"id":"64","x":64,"y":5},{"id":"65","x":65,"y":5},{"id":"64","x":64,"y":4},{"id":"65","x":65,"y":4},{"id":"64","x":64,"y":3},{"id":"65","x":65,"y":3},{"id":"64","x":64,"y":2},{"id":"65","x":65,"y":2},{"id":"64","x":64,"y":1},{"id":"65","x":65,"y":1},{"id":"64","x":64,"y":0},{"id":"65","x":65,"y":0},{"id":"64","x":64,"y":14},{"id":"65","x":65,"y":14},{"id":"200","x":41,"y":9},{"id":"201","x":42,"y":9},{"id":"202","x":43,"y":9},{"id":"203","x":44,"y":9},{"id":"204","x":41,"y":10},{"id":"205","x":42,"y":10},{"id":"206","x":43,"y":10},{"id":"207","x":44,"y":10},{"id":"208","x":41,"y":11},{"id":"209","x":42,"y":11},{"id":"210","x":43,"y":11},{"id":"211","x":44,"y":11},{"id":"212","x":41,"y":12},{"id":"213","x":42,"y":12},{"id":"214","x":43,"y":12},{"id":"215","x":44,"y":12},{"id":"200","x":41,"y":13},{"id":"201","x":42,"y":13},{"id":"202","x":43,"y":13},{"id":"203","x":44,"y":13},{"id":"204","x":41,"y":14},{"id":"205","x":42,"y":14},{"id":"206","x":43,"y":14},{"id":"207","x":44,"y":14},{"id":"208","x":41,"y":15},{"id":"209","x":42,"y":15},{"id":"210","x":43,"y":15},{"id":"211","x":44,"y":15},{"id":"212","x":41,"y":16},{"id":"213","x":42,"y":16},{"id":"214","x":43,"y":16},{"id":"215","x":44,"y":16},{"id":"200","x":41,"y":17},{"id":"201","x":42,"y":17},{"id":"202","x":43,"y":17},{"id":"203","x":44,"y":17},{"id":"204","x":41,"y":18},{"id":"205","x":42,"y":18},{"id":"206","x":43,"y":18},{"id":"207","x":44,"y":18},{"id":"208","x":41,"y":19},{"id":"209","x":42,"y":19},{"id":"210","x":43,"y":19},{"id":"211","x":44,"y":19},{"id":"212","x":41,"y":20},{"id":"213","x":42,"y":20},{"id":"214","x":43,"y":20},{"id":"215","x":44,"y":20},{"id":"200","x":37,"y":17},{"id":"201","x":38,"y":17},{"id":"202","x":39,"y":17},{"id":"203","x":40,"y":17},{"id":"204","x":37,"y":18},{"id":"205","x":38,"y":18},{"id":"206","x":39,"y":18},{"id":"207","x":40,"y":18},{"id":"208","x":37,"y":19},{"id":"209","x":38,"y":19},{"id":"210","x":39,"y":19},{"id":"211","x":40,"y":19},{"id":"212","x":37,"y":20},{"id":"213","x":38,"y":20},{"id":"214","x":39,"y":20},{"id":"215","x":40,"y":20},{"id":"200","x":37,"y":13},{"id":"201","x":38,"y":13},{"id":"202","x":39,"y":13},{"id":"203","x":40,"y":13},{"id":"204","x":37,"y":14},{"id":"205","x":38,"y":14},{"id":"206","x":39,"y":14},{"id":"207","x":40,"y":14},{"id":"208","x":37,"y":15},{"id":"209","x":38,"y":15},{"id":"210","x":39,"y":15},{"id":"211","x":40,"y":15},{"id":"212","x":37,"y":16},{"id":"213","x":38,"y":16},{"id":"214","x":39,"y":16},{"id":"215","x":40,"y":16},{"id":"200","x":37,"y":9},{"id":"201","x":38,"y":9},{"id":"202","x":39,"y":9},{"id":"203","x":40,"y":9},{"id":"204","x":37,"y":10},{"id":"205","x":38,"y":10},{"id":"206","x":39,"y":10},{"id":"207","x":40,"y":10},{"id":"208","x":37,"y":11},{"id":"209","x":38,"y":11},{"id":"210","x":39,"y":11},{"id":"211","x":40,"y":11},{"id":"212","x":37,"y":12},{"id":"213","x":38,"y":12},{"id":"214","x":39,"y":12},{"id":"215","x":40,"y":12},{"id":"200","x":33,"y":9},{"id":"201","x":34,"y":9},{"id":"202","x":35,"y":9},{"id":"203","x":36,"y":9},{"id":"204","x":33,"y":10},{"id":"205","x":34,"y":10},{"id":"206","x":35,"y":10},{"id":"207","x":36,"y":10},{"id":"208","x":33,"y":11},{"id":"209","x":34,"y":11},{"id":"210","x":35,"y":11},{"id":"211","x":36,"y":11},{"id":"212","x":33,"y":12},{"id":"213","x":34,"y":12},{"id":"214","x":35,"y":12},{"id":"215","x":36,"y":12},{"id":"200","x":33,"y":13},{"id":"201","x":34,"y":13},{"id":"202","x":35,"y":13},{"id":"203","x":36,"y":13},{"id":"204","x":33,"y":14},{"id":"205","x":34,"y":14},{"id":"206","x":35,"y":14},{"id":"207","x":36,"y":14},{"id":"208","x":33,"y":15},{"id":"209","x":34,"y":15},{"id":"210","x":35,"y":15},{"id":"211","x":36,"y":15},{"id":"212","x":33,"y":16},{"id":"213","x":34,"y":16},{"id":"214","x":35,"y":16},{"id":"215","x":36,"y":16},{"id":"200","x":33,"y":17},{"id":"201","x":34,"y":17},{"id":"202","x":35,"y":17},{"id":"203","x":36,"y":17},{"id":"204","x":33,"y":18},{"id":"205","x":34,"y":18},{"id":"206","x":35,"y":18},{"id":"207","x":36,"y":18},{"id":"208","x":33,"y":19},{"id":"209","x":34,"y":19},{"id":"210","x":35,"y":19},{"id":"211","x":36,"y":19},{"id":"212","x":33,"y":20},{"id":"213","x":34,"y":20},{"id":"214","x":35,"y":20},{"id":"215","x":36,"y":20},{"id":"200","x":29,"y":17},{"id":"201","x":30,"y":17},{"id":"202","x":31,"y":17},{"id":"203","x":32,"y":17},{"id":"204","x":29,"y":18},{"id":"205","x":30,"y":18},{"id":"206","x":31,"y":18},{"id":"207","x":32,"y":18},{"id":"208","x":29,"y":19},{"id":"209","x":30,"y":19},{"id":"210","x":31,"y":19},{"id":"211","x":32,"y":19},{"id":"212","x":29,"y":20},{"id":"213","x":30,"y":20},{"id":"214","x":31,"y":20},{"id":"215","x":32,"y":20},{"id":"200","x":29,"y":13},{"id":"201","x":30,"y":13},{"id":"202","x":31,"y":13},{"id":"203","x":32,"y":13},{"id":"204","x":29,"y":14},{"id":"205","x":30,"y":14},{"id":"206","x":31,"y":14},{"id":"207","x":32,"y":14},{"id":"208","x":29,"y":15},{"id":"209","x":30,"y":15},{"id":"210","x":31,"y":15},{"id":"211","x":32,"y":15},{"id":"212","x":29,"y":16},{"id":"213","x":30,"y":16},{"id":"214","x":31,"y":16},{"id":"215","x":32,"y":16},{"id":"200","x":29,"y":9},{"id":"201","x":30,"y":9},{"id":"202","x":31,"y":9},{"id":"203","x":32,"y":9},{"id":"204","x":29,"y":10},{"id":"205","x":30,"y":10},{"id":"206","x":31,"y":10},{"id":"207","x":32,"y":10},{"id":"208","x":29,"y":11},{"id":"209","x":30,"y":11},{"id":"210","x":31,"y":11},{"id":"211","x":32,"y":11},{"id":"212","x":29,"y":12},{"id":"213","x":30,"y":12},{"id":"214","x":31,"y":12},{"id":"215","x":32,"y":12},{"id":"200","x":25,"y":9},{"id":"201","x":26,"y":9},{"id":"202","x":27,"y":9},{"id":"203","x":28,"y":9},{"id":"204","x":25,"y":10},{"id":"205","x":26,"y":10},{"id":"206","x":27,"y":10},{"id":"207","x":28,"y":10},{"id":"208","x":25,"y":11},{"id":"209","x":26,"y":11},{"id":"210","x":27,"y":11},{"id":"211","x":28,"y":11},{"id":"212","x":25,"y":12},{"id":"213","x":26,"y":12},{"id":"214","x":27,"y":12},{"id":"215","x":28,"y":12},{"id":"200","x":25,"y":13},{"id":"201","x":26,"y":13},{"id":"202","x":27,"y":13},{"id":"203","x":28,"y":13},{"id":"204","x":25,"y":14},{"id":"205","x":26,"y":14},{"id":"206","x":27,"y":14},{"id":"207","x":28,"y":14},{"id":"208","x":25,"y":15},{"id":"209","x":26,"y":15},{"id":"210","x":27,"y":15},{"id":"211","x":28,"y":15},{"id":"212","x":25,"y":16},{"id":"213","x":26,"y":16},{"id":"214","x":27,"y":16},{"id":"215","x":28,"y":16},{"id":"200","x":25,"y":17},{"id":"201","x":26,"y":17},{"id":"202","x":27,"y":17},{"id":"203","x":28,"y":17},{"id":"204","x":25,"y":18},{"id":"205","x":26,"y":18},{"id":"206","x":27,"y":18},{"id":"207","x":28,"y":18},{"id":"208","x":25,"y":19},{"id":"209","x":26,"y":19},{"id":"210","x":27,"y":19},{"id":"211","x":28,"y":19},{"id":"212","x":25,"y":20},{"id":"213","x":26,"y":20},{"id":"214","x":27,"y":20},{"id":"215","x":28,"y":20},{"id":"200","x":21,"y":17},{"id":"201","x":22,"y":17},{"id":"202","x":23,"y":17},{"id":"203","x":24,"y":17},{"id":"204","x":21,"y":18},{"id":"205","x":22,"y":18},{"id":"206","x":23,"y":18},{"id":"207","x":24,"y":18},{"id":"208","x":21,"y":19},{"id":"209","x":22,"y":19},{"id":"210","x":23,"y":19},{"id":"211","x":24,"y":19},{"id":"212","x":21,"y":20},{"id":"213","x":22,"y":20},{"id":"214","x":23,"y":20},{"id":"215","x":24,"y":20},{"id":"200","x":21,"y":13},{"id":"201","x":22,"y":13},{"id":"202","x":23,"y":13},{"id":"203","x":24,"y":13},{"id":"204","x":21,"y":14},{"id":"205","x":22,"y":14},{"id":"206","x":23,"y":14},{"id":"207","x":24,"y":14},{"id":"208","x":21,"y":15},{"id":"209","x":22,"y":15},{"id":"210","x":23,"y":15},{"id":"211","x":24,"y":15},{"id":"212","x":21,"y":16},{"id":"213","x":22,"y":16},{"id":"214","x":23,"y":16},{"id":"215","x":24,"y":16},{"id":"200","x":21,"y":9},{"id":"201","x":22,"y":9},{"id":"202","x":23,"y":9},{"id":"203","x":24,"y":9},{"id":"204","x":21,"y":10},{"id":"205","x":22,"y":10},{"id":"206","x":23,"y":10},{"id":"207","x":24,"y":10},{"id":"208","x":21,"y":11},{"id":"209","x":22,"y":11},{"id":"210","x":23,"y":11},{"id":"211","x":24,"y":11},{"id":"212","x":21,"y":12},{"id":"213","x":22,"y":12},{"id":"214","x":23,"y":12},{"id":"215","x":24,"y":12},{"id":"200","x":17,"y":9},{"id":"201","x":18,"y":9},{"id":"202","x":19,"y":9},{"id":"203","x":20,"y":9},{"id":"204","x":17,"y":10},{"id":"205","x":18,"y":10},{"id":"206","x":19,"y":10},{"id":"207","x":20,"y":10},{"id":"208","x":17,"y":11},{"id":"209","x":18,"y":11},{"id":"210","x":19,"y":11},{"id":"211","x":20,"y":11},{"id":"212","x":17,"y":12},{"id":"213","x":18,"y":12},{"id":"214","x":19,"y":12},{"id":"215","x":20,"y":12},{"id":"200","x":17,"y":13},{"id":"201","x":18,"y":13},{"id":"202","x":19,"y":13},{"id":"203","x":20,"y":13},{"id":"204","x":17,"y":14},{"id":"205","x":18,"y":14},{"id":"206","x":19,"y":14},{"id":"207","x":20,"y":14},{"id":"208","x":17,"y":15},{"id":"209","x":18,"y":15},{"id":"210","x":19,"y":15},{"id":"211","x":20,"y":15},{"id":"212","x":17,"y":16},{"id":"213","x":18,"y":16},{"id":"214","x":19,"y":16},{"id":"215","x":20,"y":16},{"id":"200","x":17,"y":17},{"id":"201","x":18,"y":17},{"id":"202","x":19,"y":17},{"id":"203","x":20,"y":17},{"id":"204","x":17,"y":18},{"id":"205","x":18,"y":18},{"id":"206","x":19,"y":18},{"id":"207","x":20,"y":18},{"id":"208","x":17,"y":19},{"id":"209","x":18,"y":19},{"id":"210","x":19,"y":19},{"id":"211","x":20,"y":19},{"id":"212","x":17,"y":20},{"id":"213","x":18,"y":20},{"id":"214","x":19,"y":20},{"id":"215","x":20,"y":20},{"id":"200","x":13,"y":17},{"id":"201","x":14,"y":17},{"id":"202","x":15,"y":17},{"id":"203","x":16,"y":17},{"id":"204","x":13,"y":18},{"id":"205","x":14,"y":18},{"id":"206","x":15,"y":18},{"id":"207","x":16,"y":18},{"id":"208","x":13,"y":19},{"id":"209","x":14,"y":19},{"id":"210","x":15,"y":19},{"id":"211","x":16,"y":19},{"id":"212","x":13,"y":20},{"id":"213","x":14,"y":20},{"id":"214","x":15,"y":20},{"id":"215","x":16,"y":20},{"id":"200","x":9,"y":17},{"id":"201","x":10,"y":17},{"id":"202","x":11,"y":17},{"id":"203","x":12,"y":17},{"id":"204","x":9,"y":18},{"id":"205","x":10,"y":18},{"id":"206","x":11,"y":18},{"id":"207","x":12,"y":18},{"id":"208","x":9,"y":19},{"id":"209","x":10,"y":19},{"id":"210","x":11,"y":19},{"id":"211","x":12,"y":19},{"id":"212","x":9,"y":20},{"id":"213","x":10,"y":20},{"id":"214","x":11,"y":20},{"id":"215","x":12,"y":20}],"collider":false}]}